{"mean episode length:": 25.716129032258063, "max episode reward:": -5064783.2, "mean episode reward:": -7443803.15483871, "min episode reward:": -10725406.499999998, "total episodes:": 5262, "distance": 5029350.300000001, "time train": 559.0000660419464, "infernce time": 1.177903413772583, "total time": 560.177969455719, "_timestamp": 1655642957, "_runtime": 563, "_step": 50, "_wandb": {"runtime": 564}}