{"gen:": 101.0, "nevals": 228.0, "distance": 2833567.254000001, "std": 707723.4935518507, "min": 2600216.8000000007, "max": 6361249.999999999, "time one iteration": 0.005297183990478516, "total time": 0.576164722442627, "_timestamp": 1655643629, "_runtime": 3, "_step": 101, "_wandb": {"runtime": 4}}