{"mean episode length:": 57.82, "max episode reward:": -12637000.599999998, "mean episode reward:": -39238599.091000035, "min episode reward:": -86260827.69999994, "total episodes:": 136, "distance": 1614457.9000000001, "_timestamp": 1655552643, "_runtime": 23, "_step": 1, "_wandb": {"runtime": 31}}