{"gen:": 101.0, "nevals": 228.0, "distance": 3643582.4343333323, "std": 614929.3638171429, "min": 3445343.9, "max": 7512229.400000001, "time one iteration": 0.005498170852661133, "total time": 0.6003241539001465, "_timestamp": 1657405213, "_runtime": 4, "_step": 101, "_wandb": {"runtime": 4}}