{"inference distance": 2360316.8, "time inference": 0.02446746826171875, "time one iteration": 0.0012335777282714844, "_timestamp": 1657405039, "_runtime": 4, "_step": 25, "_wandb": {"runtime": 4}}