{"inference distance": 2889889.8, "time inference": 0.030504703521728516, "time one iteration": 0.0011014938354492188, "_timestamp": 1655645423, "_runtime": 4, "_step": 24, "_wandb": {"runtime": 5}}