{"inference distance": 3277601.7, "time inference": 0.02990555763244629, "time one iteration": 0.0007631778717041016, "_timestamp": 1657405251, "_runtime": 4, "_step": 25, "_wandb": {"runtime": 4}}