{"inference distance": 4967721.500000001, "time inference": 0.030722618103027344, "time one iteration": 0.0008585453033447266, "_timestamp": 1655643535, "_runtime": 3, "_step": 24, "_wandb": {"runtime": 4}}