{"inference distance": 2696974.0000000005, "time inference": 0.018595457077026367, "time one iteration": 0.0007622241973876953, "_timestamp": 1655642096, "_runtime": 3, "_step": 20, "_wandb": {"runtime": 4}}