{"gen:": 40.0, "nevals": 226.0, "distance": 3614614.539666667, "std": 632165.1288194092, "min": 3211660.9000000004, "max": 7630992.500000002, "time one iteration": 0.0052642822265625, "total time": 0.23148703575134277, "_timestamp": 1655550577, "_runtime": 2, "_step": 40, "_wandb": {"runtime": 4}}