{"mean episode length:": 17.029787234042555, "max episode reward:": -2172212.9, "mean episode reward:": -2863834.4978723405, "min episode reward:": -4797914.8, "total episodes:": 10074, "distance": 2172212.9, "time train": 564.1762630939484, "infernce time": 0.8333170413970947, "total time": 565.0095801353455, "_timestamp": 1655640291, "_runtime": 567, "_step": 50, "_wandb": {"runtime": 569}}