{"inference distance": 2282495.2000000007, "time inference": 0.025151729583740234, "time one iteration": 0.0009610652923583984, "_timestamp": 1657404834, "_runtime": 3, "_step": 24, "_wandb": {"runtime": 5}}