{"gen:": 101.0, "nevals": 228.0, "distance": 2833567.254000001, "std": 707723.4935518507, "min": 2600216.8000000007, "max": 6361249.999999999, "time one iteration": 0.00565648078918457, "total time": 0.676102876663208, "_timestamp": 1657401499, "_runtime": 3, "_step": 101, "_wandb": {"runtime": 4}}