{"mean episode length:": 25.075, "max episode reward:": -2820964.8, "mean episode reward:": -4223913.434375, "min episode reward:": -7286878.300000003, "total episodes:": 13353, "distance": 3044142.0, "time train": 1186.3065965175629, "infernce time": 2.4024646282196045, "total time": 1188.7090611457825, "_timestamp": 1655644847, "_runtime": 1193, "_step": 100, "_wandb": {"runtime": 1193}}