{"distance": 2108045.3, "total time": 0.029311656951904297, "time one iteration": 0.0020029544830322266, "_timestamp": 1655553801, "_runtime": 3, "_step": 16, "_wandb": {"runtime": 4}}