{"mean episode length:": 15.079245283018867, "max episode reward:": -2089363.5, "mean episode reward:": -2999362.2366037737, "min episode reward:": -5346612.299999999, "total episodes:": 6534, "_timestamp": 1653154712, "_runtime": 242, "_step": 30, "_wandb": {"runtime": 243}}