{"inference distance": 2234872.9000000004, "time inference": 0.020489931106567383, "time one iteration": 0.0009210109710693359, "_timestamp": 1655639689, "_runtime": 3, "_step": 16, "_wandb": {"runtime": 4}}