{"inference distance": 7706581.699999998, "time inference": 0.024205923080444336, "time one iteration": 0.0007731914520263672, "_timestamp": 1657401309, "_runtime": 2, "_step": 24, "_wandb": {"runtime": 4}}