{"mean episode length:": 29.725925925925925, "max episode reward:": -7012649.900000001, "mean episode reward:": -12499860.517037034, "min episode reward:": -22862669.100000005, "total episodes:": 2453, "_timestamp": 1655490710, "_runtime": 234, "_step": 30, "_wandb": {"runtime": 234}}