{"inference distance": 8066314.600000001, "time inference": 0.021289587020874023, "time one iteration": 0.0007939338684082031, "_timestamp": 1657401259, "_runtime": 2, "_step": 24, "_wandb": {"runtime": 4}}