{"mean episode length:": 25.576923076923077, "max episode reward:": -4155895.0, "mean episode reward:": -6064782.460256412, "min episode reward:": -8585278.900000002, "total episodes:": 5410, "distance": 4762610.000000001, "time train": 243.24305891990662, "infernce time": 0.48673391342163086, "total time": 243.72979283332825, "_timestamp": 1657403174, "_runtime": 247, "_step": 19, "_wandb": {"runtime": 257}}