{"mean episode length:": 17.051063829787235, "max episode reward:": -2174411.5, "mean episode reward:": -2919851.6374468086, "min episode reward:": -4971332.1, "total episodes:": 10004, "distance": 2419260.9000000004, "time train": 10.524853944778442, "infernce time": 0.0259397029876709, "total time": 10.550793647766113, "_timestamp": 1655639404, "_runtime": 550, "_step": 50, "_wandb": {"runtime": 551}}