{"gen:": 51.0, "nevals": 229.0, "distance": 2784616.8406666666, "std": 782074.5399732752, "min": 2345838.5999999996, "max": 7053855.899999999, "time one iteration": 0.008365631103515625, "total time": 0.38709592819213867, "_timestamp": 1655642149, "_runtime": 3, "_step": 51, "_wandb": {"runtime": 4}}