{"inference distance": 2070398.1, "time inference": 0.025382280349731445, "time one iteration": 0.0008919239044189453, "_timestamp": 1655640855, "_runtime": 3, "_step": 16, "_wandb": {"runtime": 4}}