{"inference distance": 8430407.7, "time inference": 0.04220175743103027, "time one iteration": 0.0014789104461669922, "_timestamp": 1657391251, "_runtime": 2, "_step": 24, "_wandb": {"runtime": 4}}