{"inference distance": 2230310.4, "time inference": 0.039551496505737305, "time one iteration": 0.001409769058227539, "_timestamp": 1657402811, "_runtime": 3, "_step": 24, "_wandb": {"runtime": 4}}