{"distance": 8043078.6, "total time": 0.022444963455200195, "time one iteration": 0.0008127689361572266, "_timestamp": 1655491115, "_runtime": 3, "_step": 24, "_wandb": {"runtime": 4}}