{"gen:": 40.0, "nevals": 223.0, "avg": 1740510.6530000006, "std": 122498.47882979728, "min": 1718212.3, "max": 2628086.2, "time_iter": 0.003949403762817383, "time_sum": 0.18323850631713867, "_timestamp": 1655493217, "_runtime": 2, "_step": 40, "_wandb": {"runtime": 3}}