{"inference distance": 8066314.600000001, "time inference": 0.022078752517700195, "time one iteration": 0.0007922649383544922, "_timestamp": 1657392285, "_runtime": 2, "_step": 24, "_wandb": {"runtime": 3}}