{"mean episode length:": 25.025, "max episode reward:": -2392627.8000000003, "mean episode reward:": -2959422.6331249997, "min episode reward:": -6723009.800000001, "total episodes:": 18282, "distance": 2401984.6999999997, "time train": 1162.5737776756287, "infernce time": 2.315248727798462, "total time": 1164.8890264034271, "_timestamp": 1657402800, "_runtime": 1168, "_step": 100, "_wandb": {"runtime": 1169}}