{"gen:": 40.0, "nevals": 226.0, "avg": 3614614.539666667, "std": 632165.1288194092, "min": 3211660.9000000004, "max": 7630992.500000002, "time_iter": 0.0061244964599609375, "time_sum": 0.3334634304046631, "_timestamp": 1655493473, "_runtime": 3, "_step": 40, "_wandb": {"runtime": 4}}