{"inference distance": 8430407.7, "time inference": 0.021168231964111328, "time one iteration": 0.0007872581481933594, "_timestamp": 1657392138, "_runtime": 2, "_step": 24, "_wandb": {"runtime": 4}}