{"mean episode length:": 30.73076923076923, "max episode reward:": -8116230.0, "mean episode reward:": -13222268.815384615, "min episode reward:": -27039832.000000015, "total episodes:": 2409, "_timestamp": 1655550942, "_runtime": 304, "_step": 30, "_wandb": {"runtime": 305}}