{"mean episode length:": 32.58536585365854, "max episode reward:": -9930042.8, "mean episode reward:": -15127968.369918697, "min episode reward:": -31345856.300000023, "total episodes:": 2238, "_timestamp": 1653156817, "_runtime": 272, "_step": 30, "_wandb": {"runtime": 273}}