{"mean episode length:": 21.147368421052633, "max episode reward:": -2804084.500000001, "mean episode reward:": -4020342.6199999996, "min episode reward:": -6072575.599999999, "total episodes:": 7313, "distance": 2963803.1000000006, "time train": 564.3593451976776, "infernce time": 1.049314260482788, "total time": 565.4086594581604, "_timestamp": 1655641600, "_runtime": 568, "_step": 50, "_wandb": {"runtime": 569}}