{"mean episode length:": 15.117424242424242, "max episode reward:": -2100827.1999999997, "mean episode reward:": -2873968.003787879, "min episode reward:": -4798001.3, "total episodes:": 6582, "_timestamp": 1653154284, "_runtime": 268, "_step": 30, "_wandb": {"runtime": 269}}