{"gen:": 40.0, "nevals": 223.0, "avg": 1740510.6530000006, "std": 122498.47882979728, "min": 1718212.3, "max": 2628086.2, "_timestamp": 1653211565, "_runtime": 3, "_step": 40, "_wandb": {"runtime": 3}}