{"distance": 6820424.700000001, "total time": 0.021620512008666992, "time one iteration": 0.0007498264312744141, "_timestamp": 1655551444, "_runtime": 4, "_step": 24, "_wandb": {"runtime": 5}}