{"mean episode length:": 56.75, "max episode reward:": -15519802.099999994, "mean episode reward:": -38366965.53200003, "min episode reward:": -84769264.29999997, "total episodes:": 140, "_timestamp": 1653155759, "_runtime": 17, "_step": 1, "_wandb": {"runtime": 23}}