{"gen:": 40.0, "nevals": 226.0, "distance": 3614614.539666667, "std": 632165.1288194092, "min": 3211660.9000000004, "max": 7630992.500000002, "time one iteration": 0.005526542663574219, "total time": 0.2506885528564453, "_timestamp": 1655493643, "_runtime": 4, "_step": 40, "_wandb": {"runtime": 4}}