{"gen:": 51.0, "nevals": 217.0, "distance": 3189652.8556666663, "std": 873323.2227640976, "min": 2701458.2, "max": 7772095.500000001, "time one iteration": 0.005404949188232422, "total time": 0.3055686950683594, "_timestamp": 1655642365, "_runtime": 3, "_step": 51, "_wandb": {"runtime": 4}}