{"gen:": 101.0, "nevals": 228.0, "distance": 2591155.9629999995, "std": 501806.0982745108, "min": 2437862.6999999997, "max": 6465275.7, "time one iteration": 0.005286216735839844, "total time": 0.5622916221618652, "_timestamp": 1657403238, "_runtime": 3, "_step": 101, "_wandb": {"runtime": 4}}