{"mean episode length:": 15.09811320754717, "max episode reward:": -2152878.1999999997, "mean episode reward:": -3071231.431698113, "min episode reward:": -4783770.4, "total episodes:": 6465, "_timestamp": 1653153621, "_runtime": 267, "_step": 30, "_wandb": {"runtime": 268}}