{"mean episode length:": 25.0125, "max episode reward:": -2784349.3000000003, "mean episode reward:": -3523704.646875, "min episode reward:": -7497293.700000001, "total episodes:": 34420, "distance": 2875181.9000000004, "time train": 1554.6452777385712, "infernce time": 3.7667863368988037, "total time": 1558.41206407547, "_timestamp": 1657404823, "_runtime": 1561, "_step": 100, "_wandb": {"runtime": 1563}}