{"mean episode length:": 15.09433962264151, "max episode reward:": -2095013.6, "mean episode reward:": -2852400.8803773588, "min episode reward:": -5246154.5, "total episodes:": 6487, "_timestamp": 1653153155, "_runtime": 292, "_step": 30, "_wandb": {"runtime": 285}}